muestra_id,etiqueta,MQ2,MQ4,MQ135,MQ3,MQ7,MQ9,temp,humedad,PCA1,PCA2,distancia_gasolina,clase_calidad
bio_oil_PET_001,bio_oil_PET,177.38366666666667,116.74966666666666,536.5125,182.68166666666667,305.3101666666667,94.2935,22.988,62.06916666666667,4.1271774833023365,0.07294093227702284,6.1504368942451935,bio_oil_diferente
bio_oil_PET_002,bio_oil_PET,153.49966666666666,102.60383333333333,624.8531666666667,164.23866666666666,317.1666666666667,85.50266666666667,23.037,61.99133333333334,4.844388784135322,0.2415763910244409,6.858523638854245,bio_oil_diferente
bio_oil_PET_003,bio_oil_PET,157.99266666666665,97.542,506.6385,167.88366666666667,334.79016666666666,94.11183333333334,22.9985,62.01833333333333,4.41148079452819,0.10306820856846315,6.475996546052445,bio_oil_diferente
bio_oil_PET_004,bio_oil_PET,146.84766666666667,112.03066666666668,527.2523333333334,156.79216666666667,327.83883333333335,87.39866666666667,22.9975,61.94016666666666,4.473290006844837,0.20300329561946434,6.520405825060354,bio_oil_diferente
bio_oil_PET_005,bio_oil_PET,144.10733333333334,111.21933333333332,646.5146666666666,159.6171666666667,371.10999999999996,91.26316666666666,22.975666666666665,62.033500000000004,5.097580615609176,0.12925151791197703,7.117440585080684,bio_oil_diferente
bio_oil_PET_006,bio_oil_PET,138.48549999999997,108.31483333333334,570.1095,176.61283333333333,326.15049999999997,91.56750000000001,22.930166666666665,62.01166666666666,4.558668992870264,0.05195096323126659,6.560618789772797,bio_oil_diferente
bio_oil_PET_007,bio_oil_PET,145.33033333333333,106.54566666666666,543.7724999999999,171.19333333333333,328.0228333333333,93.70416666666667,23.01033333333333,61.8975,4.485176246460361,0.2545966846253771,6.520400632192549,bio_oil_diferente
bio_oil_PET_008,bio_oil_PET,162.0615,118.34683333333332,576.206,150.53900000000002,292.69666666666666,84.3065,22.985,62.07333333333334,4.448196241777141,0.11842232693831653,6.468357586112968,bio_oil_diferente
bio_oil_PET_009,bio_oil_PET,155.73283333333333,123.04566666666666,624.2016666666666,152.64866666666666,317.49466666666666,96.72600000000001,23.01066666666667,61.934,4.625470285178294,0.30364476771932086,6.65463009648887,bio_oil_diferente
bio_oil_PET_010,bio_oil_PET,162.06866666666667,103.61816666666667,489.80716666666666,154.97483333333332,329.08566666666667,93.90016666666666,23.053166666666666,62.04783333333333,4.36429434228152,0.2029927099036006,6.468068610358992,bio_oil_diferente
bio_oil_PET_011,bio_oil_PET,141.59333333333333,98.99183333333333,701.0445,192.343,317.63933333333335,103.69283333333333,23.0215,61.989333333333335,4.977694107303598,0.28074118687747773,7.076070020432465,bio_oil_diferente
bio_oil_PET_012,bio_oil_PET,145.04083333333335,108.08533333333334,579.9803333333333,169.8093333333333,359.634,80.32616666666667,22.995,61.86033333333333,4.822399156430499,0.20758651844610101,6.841000942964551,bio_oil_diferente
bio_oil_PET_013,bio_oil_PET,180.64816666666667,123.88666666666667,534.4683333333334,172.39966666666666,340.34816666666666,97.42033333333333,22.973666666666666,61.919,4.172434090716648,0.13579606754280238,6.206842119412088,bio_oil_diferente
bio_oil_PET_014,bio_oil_PET,147.822,124.35583333333334,561.1021666666667,154.78766666666667,342.0146666666667,86.22733333333333,22.97533333333333,61.971000000000004,4.583162356251089,0.1677330691341561,6.605590365458623,bio_oil_diferente
bio_oil_PET_015,bio_oil_PET,168.18699999999998,104.26583333333333,602.4331666666666,193.54416666666665,338.60783333333336,92.46000000000001,22.96783333333333,61.946000000000005,4.564812615262223,0.08455945354570928,6.564150761286537,bio_oil_diferente
bio_oil_PET_016,bio_oil_PET,166.02266666666668,114.59133333333332,480.6316666666667,162.77349999999998,304.90866666666665,89.57600000000001,23.006333333333334,62.178999999999995,4.136455744127351,0.047309157558855446,6.24105968169042,bio_oil_diferente
bio_oil_PET_017,bio_oil_PET,160.56266666666667,100.22600000000001,549.6791666666667,169.56233333333333,314.5808333333333,94.11016666666666,23.002833333333335,62.103500000000004,4.470640641889097,0.08745413863039922,6.4873374218485464,bio_oil_diferente
bio_oil_PET_018,bio_oil_PET,130.05833333333334,112.4695,614.3096666666667,157.3945,388.96883333333335,97.45183333333333,22.971999999999998,61.906,5.04589362245587,0.22502217264324462,7.089589537985982,bio_oil_diferente
bio_oil_PET_019,bio_oil_PET,163.92316666666665,93.87266666666666,571.132,159.94683333333333,333.21933333333334,83.67333333333333,22.992,62.068666666666665,4.738763795961954,0.04077730276434392,6.738986350259162,bio_oil_diferente
bio_oil_PET_020,bio_oil_PET,168.72266666666667,92.68233333333333,588.8813333333333,159.34883333333335,381.24833333333333,91.261,23.002,62.086,4.971103533366986,0.03327914076253473,6.987833310640693,bio_oil_diferente
bio_oil_PET_021,bio_oil_PET,155.6275,105.89466666666667,534.2995,196.87116666666668,279.0133333333333,80.86166666666666,22.969833333333334,61.919999999999995,4.157205171484287,0.11524717734829285,6.210761143551714,bio_oil_diferente
bio_oil_PET_022,bio_oil_PET,171.59166666666667,122.1495,530.9868333333333,156.25033333333334,321.164,90.011,22.999000000000002,62.007333333333335,4.277885645704962,0.15095996481907878,6.316646753541139,bio_oil_diferente
bio_oil_PET_023,bio_oil_PET,153.807,111.69816666666667,632.6133333333333,164.70066666666668,280.10716666666667,93.91983333333333,22.993499999999997,61.98866666666667,4.549074574161867,0.22754264654806133,6.594250183672353,bio_oil_diferente
bio_oil_PET_024,bio_oil_PET,174.48683333333332,121.91433333333333,565.4425,166.98666666666668,325.07683333333335,107.52199999999999,22.948500000000003,61.938,4.192245099246905,0.13580310661350226,6.2021176195292,bio_oil_diferente
bio_oil_PET_025,bio_oil_PET,177.17933333333335,114.45866666666666,632.9851666666667,166.20666666666665,307.19,91.525,22.97533333333333,61.98383333333334,4.536910453875591,0.12913548893613552,6.555707281668943,bio_oil_diferente
bio_oil_PET_026,bio_oil_PET,162.9155,112.57766666666666,562.418,163.20183333333335,312.46383333333335,82.305,23.011333333333333,62.00916666666667,4.495583037567806,0.15980325768083664,6.511889556241992,bio_oil_diferente
bio_oil_PET_027,bio_oil_PET,139.19566666666665,112.62033333333333,437.08250000000004,158.564,339.21083333333337,90.82866666666668,23.00316666666667,62.05766666666667,4.242984682700493,0.13367818785267024,6.458372195618711,bio_oil_diferente
bio_oil_PET_028,bio_oil_PET,159.6256666666667,107.70266666666666,492.7871666666667,182.58849999999998,319.69783333333334,85.53616666666667,22.9715,62.068666666666665,4.22263736307841,0.011567281968809781,6.295275447252831,bio_oil_diferente
bio_oil_PET_029,bio_oil_PET,178.7895,123.01133333333334,611.063,177.00799999999998,326.90166666666664,96.66183333333333,22.987333333333332,62.015,4.435295299325224,0.13509959682206202,6.445831962988311,bio_oil_diferente
bio_oil_PET_030,bio_oil_PET,125.22233333333334,113.05,634.09,193.4226666666667,374.7955,86.35016666666667,22.96833333333333,61.9875,5.052916775862477,0.13905008082983672,7.087139165548926,bio_oil_diferente
bio_oil_PET_031,bio_oil_PET,160.82766666666666,117.58816666666667,641.24,167.86683333333335,344.731,97.99849999999999,23.017333333333333,61.9995,4.789242467254799,0.2354163003712067,6.816109114830019,bio_oil_diferente
bio_oil_PET_032,bio_oil_PET,173.1281666666667,119.62116666666667,648.1846666666667,162.733,382.89050000000003,110.72866666666667,23.006833333333336,62.012166666666666,4.841810346544445,0.20330791720176733,6.910339330418784,bio_oil_diferente
bio_oil_PET_033,bio_oil_PET,130.19016666666667,102.752,600.0548333333334,182.30066666666667,345.5681666666667,86.66183333333333,23.022,62.0395,4.9321937838784375,0.19574178158779196,6.943902593557949,bio_oil_diferente
bio_oil_PET_034,bio_oil_PET,167.89533333333333,112.91149999999999,635.0841666666668,150.47183333333334,388.3125,99.77266666666667,22.972666666666665,62.01133333333333,4.971006691255248,0.10688493284970893,7.0105072065953715,bio_oil_diferente
bio_oil_PET_035,bio_oil_PET,166.7165,124.21933333333332,563.9973333333334,163.75333333333336,387.4678333333333,98.37066666666666,23.040333333333333,61.933166666666665,4.642431052292802,0.27293663666702134,6.711899225945522,bio_oil_diferente
bio_oil_PET_036,bio_oil_PET,141.90833333333333,96.91116666666667,598.491,173.4805,361.8375,98.09766666666665,22.996,61.994166666666665,4.896558672303619,0.162518044802626,6.909380476046389,bio_oil_diferente
bio_oil_PET_037,bio_oil_PET,163.6953333333333,117.5835,601.304,178.75383333333332,341.81433333333337,85.91366666666666,22.98933333333333,62.05083333333334,4.654850242625249,0.09407754164415377,6.654924030560699,bio_oil_diferente
bio_oil_PET_038,bio_oil_PET,168.6365,118.26700000000001,631.1196666666667,155.21733333333336,332.1536666666667,82.82083333333334,22.994833333333336,62.112833333333334,4.811331687839867,0.08532220988304309,6.8183799769472255,bio_oil_diferente
bio_oil_PET_039,bio_oil_PET,159.28066666666666,103.81649999999999,589.4655,166.65966666666665,308.822,98.59933333333333,22.975166666666667,62.08283333333333,4.522078019172887,0.0878369439833266,6.522618129790786,bio_oil_diferente
bio_oil_PET_040,bio_oil_PET,137.33983333333333,110.55383333333333,625.7416666666667,151.751,322.0808333333333,83.85616666666667,22.994500000000002,61.968666666666664,4.90696819618719,0.22639892744555337,6.920954253118769,bio_oil_diferente
bio_oil_PET_041,bio_oil_PET,159.92999999999998,100.86333333333333,667.5865,171.53116666666668,322.6745,86.79316666666666,22.984333333333332,61.92883333333334,4.908669591498309,0.16847808083734728,6.942719516474814,bio_oil_diferente
bio_oil_PET_042,bio_oil_PET,156.07516666666666,117.80316666666666,541.8083333333333,169.5656666666667,335.22333333333336,81.02116666666667,22.9735,61.94466666666666,4.460926523332388,0.12114128828610118,6.486614756105119,bio_oil_diferente
bio_oil_PET_043,bio_oil_PET,149.52966666666669,122.9935,552.7669999999999,161.77599999999998,379.16533333333336,104.583,23.011333333333333,61.99133333333334,4.613333841793963,0.23577898559287253,6.677325010566236,bio_oil_diferente
bio_oil_PET_044,bio_oil_PET,133.0095,114.30633333333334,672.3653333333333,157.2875,295.7565,94.43133333333334,23.0285,61.933499999999995,4.882801347283907,0.38491687169500816,6.964850879528923,bio_oil_diferente
bio_oil_PET_045,bio_oil_PET,185.14083333333335,118.76883333333333,624.6488333333333,183.39866666666666,334.555,87.66149999999999,23.040833333333335,61.997166666666665,4.594896362167577,0.19595404602285268,6.622168026747068,bio_oil_diferente
bio_oil_PET_046,bio_oil_PET,156.44283333333334,116.60549999999999,571.3123333333333,136.65900000000002,364.99,97.76616666666668,23.005999999999997,61.929833333333335,4.726577774703359,0.24961124410341617,6.76235522266355,bio_oil_diferente
bio_oil_PET_047,bio_oil_PET,143.83883333333333,115.21116666666667,523.5413333333333,164.778,350.942,84.61983333333333,22.9855,62.00833333333333,4.563181396636507,0.12367727456650274,6.614955610144992,bio_oil_diferente
bio_oil_PET_048,bio_oil_PET,166.5015,105.518,577.6389999999999,173.47566666666668,338.3353333333333,90.77950000000001,22.990666666666666,62.044666666666664,4.5994403708845955,0.07991069163813903,6.59770041305301,bio_oil_diferente
bio_oil_PET_049,bio_oil_PET,151.81283333333334,103.73333333333333,569.3421666666667,131.41933333333333,305.35516666666666,78.22783333333334,23.008666666666667,61.99183333333333,4.721079050151708,0.18864118199535798,6.748002495767373,bio_oil_diferente
bio_oil_PET_050,bio_oil_PET,179.67433333333332,103.70116666666667,522.9626666666667,146.49666666666664,354.5325,87.59383333333334,22.98933333333333,62.086999999999996,4.5423883731933055,0.006178754233331369,6.591444075494701,bio_oil_diferente
bio_oil_PET_051,bio_oil_PET,146.2275,118.83999999999999,637.1478333333333,167.02266666666668,365.312,113.24433333333333,22.9575,62.030499999999996,4.790796772248225,0.1626001933327784,6.832428764754214,bio_oil_diferente
bio_oil_PET_052,bio_oil_PET,143.81466666666665,116.029,592.6393333333333,178.14066666666668,343.343,106.32566666666666,23.013333333333332,62.022333333333336,4.613536697367553,0.24549380957568734,6.636096453010079,bio_oil_diferente
bio_oil_PET_053,bio_oil_PET,156.50516666666667,119.3455,558.5055,164.4175,360.00699999999995,79.71066666666667,22.985833333333336,62.0805,4.700197939824215,0.05771262490083949,6.719971378476657,bio_oil_diferente
bio_oil_PET_054,bio_oil_PET,130.94716666666667,109.71133333333334,616.8870000000001,161.45,314.7613333333333,98.02433333333333,23.000166666666665,62.01466666666667,4.770349717092302,0.253901857917433,6.793615402411715,bio_oil_diferente
bio_oil_PET_055,bio_oil_PET,162.44366666666667,101.94383333333333,478.3281666666666,159.442,340.3351666666667,86.3595,23.053833333333333,62.08616666666667,4.4310900030430584,0.14282456220888484,6.553928758112748,bio_oil_diferente
bio_oil_PET_056,bio_oil_PET,166.78083333333333,116.182,559.6566666666666,165.738,312.00166666666667,88.31,22.9525,61.988166666666665,4.337196173066592,0.07312163690731954,6.341831816615311,bio_oil_diferente
bio_oil_PET_057,bio_oil_PET,152.94050000000001,98.81166666666667,618.2544999999999,161.94666666666666,334.77383333333336,82.22166666666666,23.000166666666665,62.0925,4.956778589858147,0.08435796633939456,6.949616471791693,bio_oil_diferente
bio_oil_PET_058,bio_oil_PET,179.2805,108.0615,637.293,165.03333333333333,296.8795,88.6275,22.979166666666668,61.9985,4.566857111385229,0.11066336262005702,6.593468836137792,bio_oil_diferente
bio_oil_PET_059,bio_oil_PET,149.87216666666666,98.09883333333333,587.5944999999999,175.75716666666668,331.4601666666667,88.59733333333334,22.9755,61.9515,4.698200640031768,0.12317453142750304,6.697761180591942,bio_oil_diferente
bio_oil_PET_060,bio_oil_PET,149.55816666666666,108.97533333333332,568.5656666666667,165.1365,369.782,98.652,23.048833333333334,62.02133333333334,4.786460454529706,0.25172118053250914,6.822964549208988,bio_oil_diferente
bio_oil_PE_001,bio_oil_PE,322.82783333333333,241.29233333333335,370.902,461.48716666666667,130.78616666666667,245.36166666666668,22.519166666666667,58.8935,-2.0526830510281187,1.2587343771563846,1.81008059803335,bio_oil_intermedio
bio_oil_PE_002,bio_oil_PE,297.544,241.139,355.8598333333333,380.16633333333334,153.50016666666667,215.1715,22.536,58.99333333333333,-1.369286373833353,1.2464715621275089,1.9193958625249952,bio_oil_intermedio
bio_oil_PE_003,bio_oil_PE,308.32866666666666,273.45250000000004,357.8225,431.1845,161.96233333333333,220.9125,22.512333333333334,58.98583333333333,-1.806723168086514,1.2253315482275975,1.8666435017524488,bio_oil_intermedio
bio_oil_PE_004,bio_oil_PE,337.82533333333333,201.057,306.625,455.6323333333333,140.13433333333333,223.66400000000002,22.570666666666668,58.87766666666666,-1.8586250180570303,1.1675427322060894,2.0747247161960414,bio_oil_intermedio
bio_oil_PE_005,bio_oil_PE,300.98016666666666,251.59333333333333,372.0165,429.7613333333333,150.04516666666666,204.07166666666666,22.538999999999998,59.07816666666667,-1.4667024781424696,1.1574799322381604,1.803441835793328,bio_oil_intermedio
bio_oil_PE_006,bio_oil_PE,267.74983333333336,233.26366666666667,361.7456666666667,473.14283333333333,137.00166666666667,227.89066666666668,22.51033333333333,59.051833333333335,-1.6178724052139117,1.1813125251148218,1.928588489947416,bio_oil_intermedio
bio_oil_PE_007,bio_oil_PE,336.3176666666667,229.13333333333333,396.0536666666667,381.2168333333333,148.30450000000002,228.61916666666667,22.506333333333334,58.9035,-1.5058436805682707,1.1882924906243668,1.8158288117946417,bio_oil_intermedio
bio_oil_PE_008,bio_oil_PE,323.67883333333333,251.5505,384.5956666666667,371.0433333333333,134.784,242.04983333333334,22.542666666666666,59.005,-1.6850502548301554,1.3221365999747692,1.9170724549677642,bio_oil_intermedio
bio_oil_PE_009,bio_oil_PE,317.73733333333337,211.6275,397.944,435.8631666666667,144.61566666666667,234.6195,22.55,59.0205,-1.4586491149577057,1.1797229047860467,1.854564788694462,bio_oil_intermedio
bio_oil_PE_010,bio_oil_PE,283.6315,248.2825,359.72116666666665,411.2735,151.63916666666668,238.7673333333333,22.499166666666667,59.03366666666667,-1.618901669973061,1.238173890754769,1.8749466356886713,bio_oil_intermedio
bio_oil_PE_011,bio_oil_PE,316.90183333333334,285.09950000000003,373.3463333333333,443.68433333333337,149.15566666666666,232.8093333333333,22.518666666666665,59.08733333333334,-2.00802567616453,1.221354323436585,1.8734192442534279,bio_oil_intermedio
bio_oil_PE_012,bio_oil_PE,306.6623333333334,242.5773333333333,363.0693333333333,437.276,136.14366666666666,234.14283333333333,22.512333333333334,58.809,-1.8642302836851599,1.3137179424787175,1.842085157476674,bio_oil_intermedio
bio_oil_PE_013,bio_oil_PE,292.9075,241.554,384.7303333333333,383.23850000000004,123.23700000000001,226.38916666666668,22.537166666666668,59.097,-1.4347553092980314,1.2546668544700383,1.8787737056020015,bio_oil_intermedio
bio_oil_PE_014,bio_oil_PE,316.0185,226.12316666666666,345.7335,456.14233333333334,130.72616666666667,224.35649999999998,22.544500000000003,59.07033333333333,-1.7813016483775623,1.1240648769298578,1.7601063946851254,bio_oil_intermedio
bio_oil_PE_015,bio_oil_PE,326.06333333333333,230.1205,310.2443333333333,379.84950000000003,151.35083333333333,238.54350000000002,22.464166666666664,59.01616666666666,-1.8233502797758185,1.0630751395983988,1.840264361355346,bio_oil_intermedio
bio_oil_PE_016,bio_oil_PE,332.6816666666667,224.442,327.8933333333333,384.20866666666666,150.9595,242.29016666666666,22.5035,59.0485,-1.7533717569988678,1.1060148041204878,1.844849280386931,bio_oil_intermedio
bio_oil_PE_017,bio_oil_PE,307.0828333333333,270.51033333333334,375.39183333333335,443.44683333333336,153.91033333333334,226.87550000000002,22.497,58.941,-1.8612087585767585,1.2356431320878198,1.8236964491998315,bio_oil_intermedio
bio_oil_PE_018,bio_oil_PE,353.8231666666667,243.022,335.1793333333333,407.8015,154.35916666666665,232.83849999999998,22.476999999999997,58.9385,-2.001105759700003,1.0736369051936927,1.7330952570861704,bio_oil_intermedio
bio_oil_PE_019,bio_oil_PE,335.9916666666667,268.5398333333333,347.8558333333333,460.91683333333333,144.74883333333335,209.861,22.484333333333332,58.9655,-2.0768743127490885,1.0714021816476005,1.726814031184269,bio_oil_intermedio
bio_oil_PE_020,bio_oil_PE,329.5131666666667,253.446,375.47549999999995,362.1536666666667,142.48250000000002,251.68800000000002,22.471999999999998,58.9615,-1.8324202671618293,1.229615461407975,1.8787327252863713,bio_oil_intermedio
bio_oil_PE_021,bio_oil_PE,306.3788333333333,235.4015,309.7758333333333,322.97083333333336,147.80083333333332,226.576,22.527333333333335,59.05466666666667,-1.449440656029751,1.2272039919150928,2.1562618065289834,bio_oil_intermedio
bio_oil_PE_022,bio_oil_PE,328.46883333333335,292.045,363.85566666666665,397.19083333333333,159.54583333333332,243.39433333333332,22.549333333333333,59.080666666666666,-1.992324451750794,1.3302759491985519,2.0717310906252924,bio_oil_intermedio
bio_oil_PE_023,bio_oil_PE,322.9785,266.70300000000003,357.14566666666667,399.3018333333333,154.19916666666668,242.17299999999997,22.504833333333334,59.050333333333334,-1.8992115075850717,1.2150581226093753,1.8283483103253326,bio_oil_intermedio
bio_oil_PE_024,bio_oil_PE,291.7523333333333,244.06816666666666,352.23499999999996,425.29466666666667,131.3165,249.51616666666666,22.502666666666666,59.10516666666667,-1.8441708707555091,1.2057311956765882,1.8324825216534708,bio_oil_intermedio
bio_oil_PE_025,bio_oil_PE,321.9655,266.79116666666664,372.83116666666666,489.19800000000004,147.37333333333333,207.40733333333336,22.490000000000002,59.0895,-1.9269539659639,1.012296354977286,1.7110569491320984,bio_oil_intermedio
bio_oil_PE_026,bio_oil_PE,337.7545,245.93116666666668,359.0061666666667,394.84233333333333,140.75483333333335,230.87216666666666,22.519000000000002,59.01316666666666,-1.8032343088211111,1.1705308224046633,1.7420684545543739,bio_oil_intermedio
bio_oil_PE_027,bio_oil_PE,320.40700000000004,246.67450000000002,378.53700000000003,429.01383333333337,140.71883333333332,235.22766666666666,22.491,59.038000000000004,-1.8084009759563797,1.131021622953435,1.6493417291487213,bio_oil_intermedio
bio_oil_PE_028,bio_oil_PE,273.189,279.0485,356.33,451.99399999999997,148.5405,243.58066666666667,22.51516666666667,59.02066666666667,-1.9439746443983195,1.347289036594451,2.0884516993297026,bio_oil_intermedio
bio_oil_PE_029,bio_oil_PE,281.24516666666665,245.63883333333334,369.67199999999997,436.1755,138.392,216.60716666666667,22.505,58.9305,-1.5733028826095572,1.2416308442950368,1.863081393105894,bio_oil_intermedio
bio_oil_PE_030,bio_oil_PE,269.89733333333334,265.30133333333333,329.8,469.85833333333335,142.99016666666665,203.69166666666666,22.520500000000002,59.087333333333326,-1.7277321037983961,1.169130931848273,2.0336258877919344,bio_oil_intermedio
bio_oil_PE_031,bio_oil_PE,313.61716666666666,254.86700000000002,396.536,444.0495,124.38533333333334,226.18449999999999,22.46783333333333,58.96116666666667,-1.867335934121286,1.1437249741340747,1.6670650385755028,bio_oil_intermedio
bio_oil_PE_032,bio_oil_PE,354.0151666666667,246.7405,388.1188333333333,410.0271666666667,139.09833333333333,235.15116666666665,22.485666666666667,59.00066666666667,-1.8990849338598625,1.0927192282270337,1.6652040389922775,bio_oil_intermedio
bio_oil_PE_033,bio_oil_PE,268.10333333333335,293.2365,355.59516666666667,416.022,147.50883333333334,234.92933333333335,22.486666666666668,58.90316666666667,-1.9021654122054559,1.4080772002191468,2.206171430236824,bio_oil_intermedio
bio_oil_PE_034,bio_oil_PE,312.6948333333333,250.683,298.92033333333336,421.45616666666666,152.4485,223.1865,22.529333333333334,58.79716666666666,-1.9684274459766695,1.310446439515071,2.033565562028065,bio_oil_intermedio
bio_oil_PE_035,bio_oil_PE,328.00983333333335,250.20516666666666,366.9886666666667,396.88100000000003,138.8695,233.722,22.4755,59.05766666666667,-1.811212004303892,1.1003728667500339,1.645729141929096,bio_oil_intermedio
bio_oil_PE_036,bio_oil_PE,333.43716666666666,248.434,356.151,472.2151666666667,156.32416666666668,225.42116666666666,22.51516666666667,59.05616666666666,-1.9412422404200558,1.066864971538525,1.6878718069566263,bio_oil_intermedio
bio_oil_PE_037,bio_oil_PE,313.9075,258.7796666666667,307.92699999999996,443.99,138.35566666666668,222.38333333333333,22.512,58.994,-2.0789051586605307,1.1694886562414004,1.8638226969545544,bio_oil_intermedio
bio_oil_PE_038,bio_oil_PE,343.6308333333333,256.3135,368.25,407.5965,142.52433333333335,232.71933333333334,22.47533333333333,59.02183333333333,-1.9438278615523097,1.0895323337368308,1.6448428031535902,bio_oil_intermedio
bio_oil_PE_039,bio_oil_PE,287.05216666666666,250.10266666666666,397.9285,442.63216666666665,153.89,223.052,22.5555,59.0205,-1.4504679152870044,1.2949018823512506,1.9257147093929474,bio_oil_intermedio
bio_oil_PE_040,bio_oil_PE,311.63716666666664,224.73716666666667,343.19283333333334,402.35133333333334,163.02550000000002,228.08533333333335,22.527333333333335,59.05233333333333,-1.4842387330987326,1.1380240764843181,1.833279078060308,bio_oil_intermedio
bio_oil_PE_041,bio_oil_PE,332.9021666666667,254.02616666666665,365.9633333333333,463.439,135.80733333333333,220.18983333333333,22.492,59.008,-2.002743387333313,1.0730445457822535,1.6312965173049558,bio_oil_intermedio
bio_oil_PE_042,bio_oil_PE,329.0853333333333,244.98033333333333,341.9475,453.14233333333334,150.87683333333334,216.81583333333336,22.496333333333332,59.10666666666667,-1.8555769748136874,0.9931958016483676,1.617308051463265,bio_oil_intermedio
bio_oil_PE_043,bio_oil_PE,308.08433333333335,278.4803333333333,350.66083333333336,438.795,132.049,261.1526666666667,22.5415,59.024,-2.2580638204407264,1.3892409441476676,2.069807892623382,bio_oil_intermedio
bio_oil_PE_044,bio_oil_PE,320.95250000000004,244.52966666666669,342.47166666666664,437.2676666666667,135.64533333333333,236.8455,22.523833333333336,58.928999999999995,-1.9949452198056694,1.2414764011308055,1.7985627259077395,bio_oil_intermedio
bio_oil_PE_045,bio_oil_PE,298.889,233.70783333333333,390.94899999999996,393.05766666666665,156.81583333333336,216.17816666666667,22.524833333333333,58.88433333333333,-1.277396569738055,1.2717824996076108,1.9148917367072205,bio_oil_intermedio
bio_oil_PE_046,bio_oil_PE,283.19783333333334,246.52983333333336,364.724,408.72099999999995,148.47966666666667,231.06,22.482000000000003,59.00966666666667,-1.5637694884672813,1.2013323661287827,1.825770270550347,bio_oil_intermedio
bio_oil_PE_047,bio_oil_PE,339.6635,221.36,305.9458333333333,396.095,137.41899999999998,246.69283333333334,22.474666666666668,59.03783333333333,-2.0049113858203396,1.040299920952504,1.8558550185311447,bio_oil_intermedio
bio_oil_PE_048,bio_oil_PE,313.90616666666665,291.24083333333334,342.96200000000005,430.0006666666667,124.48016666666666,233.24249999999998,22.509333333333334,59.117666666666665,-2.2124633840124637,1.2230496919271523,1.9315868020112004,bio_oil_intermedio
bio_oil_PE_049,bio_oil_PE,313.6723333333333,269.4025,359.45,396.275,136.47233333333332,221.0015,22.503333333333334,59.00416666666667,-1.8069808396262967,1.2216532490447645,1.8163807866260493,bio_oil_intermedio
bio_oil_PE_050,bio_oil_PE,334.0695,281.1105,333.66116666666665,469.1623333333333,140.49466666666666,216.79166666666666,22.5385,59.019666666666666,-2.2290234965985336,1.1851068957582376,1.9149227597684593,bio_oil_intermedio
bio_oil_PE_051,bio_oil_PE,306.73133333333334,223.5345,372.981,436.19466666666665,159.87983333333335,248.04283333333333,22.4685,58.99616666666667,-1.6690390104033876,1.1047142382113102,1.7625874669249815,bio_oil_intermedio
bio_oil_PE_052,bio_oil_PE,276.87233333333336,273.3405,384.32733333333334,432.1381666666667,158.95433333333332,265.1098333333333,22.521166666666666,59.042833333333334,-1.844890814938066,1.4013392009717338,2.1723993242465376,bio_oil_intermedio
bio_oil_PE_053,bio_oil_PE,311.7633333333333,234.53566666666666,353.8558333333333,408.911,128.36849999999998,229.75766666666667,22.464833333333335,59.07366666666667,-1.744772287222895,1.0520544857693654,1.6212121876105803,bio_oil_intermedio
bio_oil_PE_054,bio_oil_PE,307.0568333333333,230.568,288.9941666666667,472.635,145.159,211.15433333333334,22.485666666666663,58.97983333333333,-1.9484272606958104,1.016946432479142,1.9154022178971295,bio_oil_intermedio
bio_oil_PE_055,bio_oil_PE,347.2055,261.34433333333334,347.7921666666667,455.40616666666665,150.68800000000002,218.6146666666667,22.479166666666668,59.00966666666667,-2.09077912871875,1.020973367595836,1.6554286572960912,bio_oil_intermedio
bio_oil_PE_056,bio_oil_PE,349.58416666666665,253.99249999999998,340.22099999999995,392.206,140.076,208.62383333333335,22.51066666666667,59.045833333333334,-1.8225133149024544,1.0655853090632095,1.7548208448070766,bio_oil_intermedio
bio_oil_PE_057,bio_oil_PE,354.6728333333333,282.3883333333333,361.53616666666665,395.60833333333335,148.168,235.9343333333333,22.520166666666668,59.03783333333333,-2.1016025473876057,1.212555124474331,1.917614699303927,bio_oil_intermedio
bio_oil_PE_058,bio_oil_PE,322.5735,252.99033333333333,362.04066666666665,348.87916666666666,140.48866666666666,189.99416666666667,22.518666666666665,59.0005,-1.3454209772702095,1.150736419692308,1.974968427306574,bio_oil_intermedio
bio_oil_PE_059,bio_oil_PE,318.7955,275.08250000000004,361.61083333333335,379.35699999999997,143.91716666666667,244.70533333333333,22.544333333333334,58.8855,-1.9322688283278113,1.444267852887076,2.069792586989428,bio_oil_intermedio
bio_oil_PE_060,bio_oil_PE,341.2506666666667,267.9361666666667,397.011,371.7646666666667,152.3885,241.67183333333332,22.502666666666666,58.943333333333335,-1.8015812739847152,1.2728335887520168,1.9299086017925275,bio_oil_intermedio
bio_oil_mezcla_001,bio_oil_mezcla,264.0296666666667,209.1625,417.7435,354.5781666666666,188.47299999999998,179.87416666666667,22.210166666666666,60.9995,0.04078772938410731,-0.6304829862150705,2.0819904051984395,bio_oil_intermedio
bio_oil_mezcla_002,bio_oil_mezcla,287.4331666666667,220.06483333333333,379.58433333333335,365.15183333333334,191.3135,184.91233333333332,22.209333333333333,60.98316666666666,-0.3417605946598416,-0.6552179272020062,1.7797888736053227,bio_oil_intermedio
bio_oil_mezcla_003,bio_oil_mezcla,234.28333333333333,222.7995,417.12666666666667,398.5448333333333,233.35183333333333,198.42583333333332,22.226666666666667,60.92933333333333,0.02723455586774398,-0.4802023968679071,2.301263658478439,bio_oil_intermedio
bio_oil_mezcla_004,bio_oil_mezcla,283.8593333333334,191.03433333333334,397.0618333333333,433.9603333333333,224.95516666666666,191.58466666666666,22.2095,61.087833333333336,-0.15863797991259457,-0.8236212394176462,2.0454821556485707,bio_oil_intermedio
bio_oil_mezcla_005,bio_oil_mezcla,291.9066666666667,255.17466666666667,414.53866666666664,344.30833333333334,224.92366666666666,175.67666666666668,22.228833333333334,60.93083333333333,-0.1760465405081098,-0.5384946876390478,2.122534344028129,bio_oil_intermedio
bio_oil_mezcla_006,bio_oil_mezcla,282.364,208.8355,352.128,365.35183333333333,233.1655,170.254,22.189666666666668,61.03883333333333,-0.056776557503220644,-0.8146240050300095,2.21787955151785,bio_oil_intermedio
bio_oil_mezcla_007,bio_oil_mezcla,299.5648333333333,216.85649999999998,348.08050000000003,373.9078333333334,202.61433333333335,203.56516666666667,22.19516666666667,60.96483333333333,-0.6145711020057025,-0.6773682694228436,1.6765388100600662,bio_oil_intermedio
bio_oil_mezcla_008,bio_oil_mezcla,303.86233333333337,208.29733333333334,368.69350000000003,398.95700000000005,222.02333333333334,187.03400000000002,22.225166666666667,61.04866666666667,-0.3369694592951453,-0.7661772007159087,1.8756516831046397,bio_oil_intermedio
bio_oil_mezcla_009,bio_oil_mezcla,250.33616666666666,179.5295,329.4505,352.4505,204.388,200.78733333333332,22.242,60.978833333333334,-0.06601362611389201,-0.5748893787167473,2.3655538743395725,bio_oil_intermedio
bio_oil_mezcla_010,bio_oil_mezcla,255.08716666666666,212.62800000000001,397.84766666666667,355.20483333333334,232.397,164.3671666666667,22.198666666666668,60.9985,0.2822564337259295,-0.702531185752361,2.4194452149581407,bio_oil_intermedio
bio_oil_mezcla_011,bio_oil_mezcla,327.4533333333333,227.19483333333335,410.04716666666667,400.411,215.48833333333332,175.09033333333335,22.193166666666666,61.0525,-0.40150024601622153,-0.8523435264222101,1.7915034816695428,bio_oil_intermedio
bio_oil_mezcla_012,bio_oil_mezcla,307.43483333333336,206.51716666666667,435.9241666666667,377.777,206.09016666666668,200.30083333333332,22.195666666666668,61.00683333333333,-0.22957059188399445,-0.7255540231064266,1.8262135519804588,bio_oil_intermedio
bio_oil_mezcla_013,bio_oil_mezcla,295.9988333333333,210.6796666666667,389.8933333333333,369.68583333333333,215.4305,218.78283333333331,22.189,60.99633333333334,-0.4316712971309121,-0.6644380352470316,1.7939376222429044,bio_oil_intermedio
bio_oil_mezcla_014,bio_oil_mezcla,255.87666666666667,236.53,386.9816666666667,382.29366666666664,193.55683333333334,194.52683333333334,22.210833333333333,60.97683333333334,-0.3759426521771362,-0.5346160153936355,1.8842061498270215,bio_oil_intermedio
bio_oil_mezcla_015,bio_oil_mezcla,281.57233333333335,192.76833333333335,410.2271666666667,400.21583333333336,209.78333333333333,181.68016666666665,22.223333333333336,61.082,0.005712206323058464,-0.7718464136239406,2.0676283037759218,bio_oil_intermedio
bio_oil_mezcla_016,bio_oil_mezcla,285.9943333333333,191.83466666666666,412.6965,400.91200000000003,209.60866666666666,161.37333333333333,22.208666666666666,60.952,0.08003603616564602,-0.7890506827346867,2.1398284826273732,bio_oil_intermedio
bio_oil_mezcla_017,bio_oil_mezcla,310.9058333333333,223.7655,346.472,359.19449999999995,207.48466666666667,187.08433333333332,22.246333333333332,61.03066666666667,-0.4757086359072622,-0.6626206303653641,1.8436804864174685,bio_oil_intermedio
bio_oil_mezcla_018,bio_oil_mezcla,312.20233333333334,191.324,349.5478333333333,364.6406666666666,201.51933333333332,197.02,22.176,60.95283333333334,-0.45992105387601123,-0.7979215779790004,1.8076030722993988,bio_oil_intermedio
bio_oil_mezcla_019,bio_oil_mezcla,283.04449999999997,215.69500000000002,361.4388333333334,377.41683333333333,206.47983333333335,194.13883333333334,22.208166666666667,61.012166666666666,-0.3831977240929404,-0.675208719061187,1.831886138611276,bio_oil_intermedio
bio_oil_mezcla_020,bio_oil_mezcla,279.4345,238.77216666666666,362.94283333333334,373.5035,213.50733333333335,183.0425,22.238166666666665,61.00916666666667,-0.36287148473065833,-0.588986428676933,1.9467696545262256,bio_oil_intermedio
bio_oil_mezcla_021,bio_oil_mezcla,278.793,221.32766666666666,409.2336666666667,350.1406666666666,228.431,165.69383333333332,22.183,61.014,0.1339852487322883,-0.7573578507219868,2.2489774918041556,bio_oil_intermedio
bio_oil_mezcla_022,bio_oil_mezcla,277.8908333333333,191.5665,369.5675,394.2391666666666,213.67216666666667,197.20850000000002,22.203166666666668,61.026833333333336,-0.21759040146737924,-0.7423661848095763,1.9854434565450452,bio_oil_intermedio
bio_oil_mezcla_023,bio_oil_mezcla,305.91316666666665,239.926,365.86350000000004,313.25983333333335,199.21766666666664,164.55183333333335,22.222166666666666,60.95183333333333,-0.2657965474726738,-0.6305784439335236,2.0880038235808414,bio_oil_intermedio
bio_oil_mezcla_024,bio_oil_mezcla,253.53883333333334,212.0078333333333,403.91949999999997,311.3925,207.39800000000002,174.607,22.199333333333335,60.95933333333333,0.26343126940150857,-0.5971670433454673,2.3820463327375454,bio_oil_intermedio
bio_oil_mezcla_025,bio_oil_mezcla,347.36583333333334,222.863,386.56266666666664,402.5221666666667,206.8115,166.126,22.2085,60.99916666666666,-0.5460269978911513,-0.8696909648575248,1.7612711366799865,bio_oil_intermedio
bio_oil_mezcla_026,bio_oil_mezcla,276.0693333333333,242.61,418.05400000000003,370.73633333333333,219.9315,204.95733333333334,22.2115,60.8675,-0.3452565096264264,-0.46716849457536996,1.8963410771062221,bio_oil_intermedio
bio_oil_mezcla_027,bio_oil_mezcla,280.25283333333334,209.53549999999998,348.91366666666664,357.76500000000004,198.39866666666666,173.74266666666665,22.22283333333333,60.95483333333333,-0.2177003731702491,-0.6597727341244036,2.0133534230144936,bio_oil_intermedio
bio_oil_mezcla_028,bio_oil_mezcla,289.68,194.35016666666667,417.614,330.37600000000003,225.201,209.90099999999998,22.1625,60.93033333333334,-0.007970738568472217,-0.6900045475453609,2.1355971451369875,bio_oil_intermedio
bio_oil_mezcla_029,bio_oil_mezcla,289.51283333333333,206.34616666666668,460.7721666666667,309.5065,235.703,170.262,22.228,60.964166666666664,0.5206579671498192,-0.6411341483800364,2.565225540991296,bio_oil_intermedio
bio_oil_mezcla_030,bio_oil_mezcla,255.59966666666665,192.19866666666667,384.4015,395.58366666666666,191.44,179.58666666666667,22.217333333333332,60.943666666666665,-0.06009217518018499,-0.6490731033095742,2.078304044763709,bio_oil_intermedio
bio_oil_mezcla_031,bio_oil_mezcla,288.0345,187.35816666666668,383.4115,393.29316666666665,178.03833333333333,173.93383333333335,22.211666666666666,61.138000000000005,-0.15191287864414615,-0.8558198324033137,1.9815291752965243,bio_oil_intermedio
bio_oil_mezcla_032,bio_oil_mezcla,245.80133333333333,221.57266666666666,419.34133333333335,317.6313333333334,224.09833333333333,206.71133333333333,22.2425,61.03,0.19515441367050423,-0.44351802565427456,2.426319157022122,bio_oil_intermedio
bio_oil_mezcla_033,bio_oil_mezcla,289.2398333333333,189.42883333333333,352.5733333333334,362.03116666666665,220.37016666666665,212.26716666666667,22.178833333333333,61.031333333333336,-0.3065680772725214,-0.7637147646124492,2.03360643333545,bio_oil_intermedio
bio_oil_mezcla_034,bio_oil_mezcla,300.6926666666667,264.37983333333335,392.8725,336.2613333333333,239.47616666666667,189.2235,22.206666666666667,61.00916666666667,-0.3491533466221699,-0.5981781526216597,2.1572240565510636,bio_oil_intermedio
bio_oil_mezcla_035,bio_oil_mezcla,276.83933333333334,203.3425,349.8338333333333,339.35616666666664,211.94283333333334,185.91583333333335,22.232666666666667,60.943666666666665,-0.11401654280141747,-0.6023462860418309,2.1275096098219715,bio_oil_intermedio
bio_oil_mezcla_036,bio_oil_mezcla,283.947,203.7995,397.04083333333335,399.9166666666667,209.65099999999998,198.14849999999998,22.204666666666665,60.96333333333334,-0.28596575296312504,-0.6784505901967707,1.8158504969422609,bio_oil_intermedio
bio_oil_mezcla_037,bio_oil_mezcla,285.24283333333335,206.089,359.70416666666665,382.002,224.90733333333336,188.10783333333333,22.1925,61.058,-0.22887764711613146,-0.7895733637327728,2.0075435413279075,bio_oil_intermedio
bio_oil_mezcla_038,bio_oil_mezcla,283.75033333333334,185.19716666666667,384.91283333333337,377.23716666666667,239.97016666666664,171.6345,22.21966666666667,61.084666666666664,0.22811094711989974,-0.8379511442583059,2.3756643148414636,bio_oil_intermedio
bio_oil_mezcla_039,bio_oil_mezcla,243.92766666666665,211.5955,404.40483333333333,338.9345,228.54083333333335,211.7035,22.163,60.97266666666667,0.046406122332988346,-0.5907167629511889,2.31152518560007,bio_oil_intermedio
bio_oil_mezcla_040,bio_oil_mezcla,288.59583333333336,193.84633333333335,328.39050000000003,442.0323333333333,219.17333333333332,183.09133333333332,22.2085,60.992666666666665,-0.47461789551591294,-0.8207324102116811,2.006134112764061,bio_oil_intermedio
bio_oil_mezcla_041,bio_oil_mezcla,270.40316666666666,237.29466666666667,415.20916666666665,360.77049999999997,189.54316666666668,198.69416666666666,22.22683333333333,61.001,-0.30466720483260623,-0.5067144708447158,1.8723608899289623,bio_oil_intermedio
bio_oil_mezcla_042,bio_oil_mezcla,321.93583333333333,222.257,366.5181666666667,394.27549999999997,214.0475,169.2,22.230666666666664,61.03333333333333,-0.4229771896218244,-0.7930046186305328,1.8515467025651378,bio_oil_intermedio
bio_oil_mezcla_043,bio_oil_mezcla,248.82333333333332,233.057,335.41016666666667,384.10999999999996,181.6885,189.26816666666667,22.1835,60.99533333333333,-0.5490874417664461,-0.6154055388103036,1.9429413092145265,bio_oil_intermedio
bio_oil_mezcla_044,bio_oil_mezcla,289.2488333333333,223.69333333333333,344.26933333333335,316.3913333333333,218.90200000000002,169.60966666666667,22.235666666666667,60.971333333333334,-0.09723056513846143,-0.6258987197771684,2.252544290597754,bio_oil_intermedio
bio_oil_mezcla_045,bio_oil_mezcla,233.35533333333333,228.2648333333333,367.1581666666667,337.0945,198.3725,166.6063333333333,22.209333333333333,61.07183333333333,0.09743935317639835,-0.6145401340509402,2.4349877119281285,bio_oil_intermedio
bio_oil_mezcla_046,bio_oil_mezcla,291.09816666666666,205.569,450.031,342.74516666666665,186.8015,188.4915,22.206833333333336,61.01566666666667,0.024059685113090007,-0.6658021771865361,2.038973716165661,bio_oil_intermedio
bio_oil_mezcla_047,bio_oil_mezcla,306.98766666666666,216.78283333333331,405.46066666666667,346.8785,234.01933333333332,169.7648333333333,22.233833333333333,61.01933333333333,0.0649833194131609,-0.7221425917576307,2.1940038624347795,bio_oil_intermedio
bio_oil_mezcla_048,bio_oil_mezcla,272.82783333333333,192.30866666666668,419.48199999999997,395.94899999999996,240.68949999999998,185.89866666666666,22.203333333333333,61.035333333333334,0.18001493433280727,-0.7679784792035761,2.285606544262571,bio_oil_intermedio
bio_oil_mezcla_049,bio_oil_mezcla,309.26283333333333,199.39733333333334,358.0058333333333,362.12333333333333,219.17533333333333,202.11499999999998,22.206666666666667,61.045833333333334,-0.3572152130509427,-0.7629530904866801,1.9157336059639232,bio_oil_intermedio
bio_oil_mezcla_050,bio_oil_mezcla,299.94083333333333,216.69500000000002,340.905,382.89733333333334,183.8046666666667,183.17083333333332,22.21783333333333,60.9165,-0.6151135853239085,-0.6589081053370024,1.656386986561311,bio_oil_intermedio
bio_oil_mezcla_051,bio_oil_mezcla,266.67833333333334,249.74133333333333,407.49283333333335,342.78133333333335,199.87616666666665,190.024,22.18316666666667,61.13066666666667,-0.22707790593247426,-0.64973942546776,2.0709735167656205,bio_oil_intermedio
bio_oil_mezcla_052,bio_oil_mezcla,333.72950000000003,234.5695,318.92966666666666,316.4965,212.9685,193.76049999999998,22.17233333333333,60.94166666666667,-0.7268639843868845,-0.7363704764065169,1.945389496339874,bio_oil_intermedio
bio_oil_mezcla_053,bio_oil_mezcla,270.7391666666667,204.043,396.24466666666666,340.05766666666665,219.89433333333332,200.63433333333333,22.2085,61.010666666666665,0.01530381984332892,-0.6249978809148756,2.1508521345057625,bio_oil_intermedio
bio_oil_mezcla_054,bio_oil_mezcla,260.14966666666663,211.2805,349.78700000000003,335.29083333333335,216.50916666666666,174.65316666666666,22.194166666666668,60.95233333333333,-0.003502780781217389,-0.6596073401127415,2.2771753628171654,bio_oil_intermedio
bio_oil_mezcla_055,bio_oil_mezcla,273.97183333333334,210.24866666666668,408.16966666666667,381.67199999999997,191.82833333333335,186.27,22.1825,60.97833333333333,-0.19441395450218357,-0.6979855784253165,1.853671592811277,bio_oil_intermedio
bio_oil_mezcla_056,bio_oil_mezcla,287.35183333333333,238.72533333333334,407.0693333333333,346.6036666666667,203.5555,157.92083333333332,22.193166666666666,60.992666666666665,-0.07356056705447134,-0.7078577506591902,2.1186815760965176,bio_oil_intermedio
bio_oil_mezcla_057,bio_oil_mezcla,278.06433333333337,256.8605,381.3815,376.26933333333335,197.67983333333333,199.79416666666665,22.257166666666667,60.97716666666667,-0.591079761261495,-0.432687455462518,1.8059390568667022,bio_oil_intermedio
bio_oil_mezcla_058,bio_oil_mezcla,294.82033333333334,210.67183333333332,412.5416666666667,422.4935,193.1171666666667,160.5985,22.215500000000002,61.013333333333335,-0.19809174206563043,-0.7971010918220347,1.9183410683373918,bio_oil_intermedio
bio_oil_mezcla_059,bio_oil_mezcla,295.1081666666667,219.91683333333333,370.5941666666667,393.62233333333336,200.32883333333334,188.41216666666665,22.188166666666667,61.14033333333334,-0.4550338559417661,-0.8250518754079165,1.7461451899050922,bio_oil_intermedio
bio_oil_mezcla_060,bio_oil_mezcla,286.38433333333336,200.02349999999998,372.125,334.65049999999997,218.53033333333332,209.20716666666667,22.171499999999998,61.00966666666667,-0.2008591032298451,-0.7156032036849004,2.045905646978182,bio_oil_intermedio
gasolina_90_001,gasolina_90,349.2056666666667,236.85116666666667,393.03349999999995,502.29133333333334,131.768,211.99516666666668,21.958166666666667,59.98383333333334,-2.115183757154431,-0.6313255149914132,0.5594082053668344,referencia
gasolina_90_002,gasolina_90,380.94683333333336,255.8685,372.935,501.423,135.15583333333333,201.47483333333332,22.020833333333332,60.01933333333333,-2.3107550022759615,-0.591746380459519,0.8335711878655157,referencia
gasolina_90_003,gasolina_90,324.0348333333333,192.46300000000002,326.1588333333333,475.6958333333333,143.34483333333336,224.04933333333332,22.0375,59.93483333333334,-1.844518698216933,-0.4722937576618103,1.0345034174698367,referencia
gasolina_90_004,gasolina_90,320.3548333333334,250.61066666666665,422.53499999999997,462.0933333333333,121.51766666666667,224.5335,22.009999999999998,59.994166666666665,-1.9085576427604614,-0.36831314797605585,0.6685552765463504,referencia
gasolina_90_005,gasolina_90,311.14933333333335,227.28083333333333,355.3095,496.6188333333333,111.45816666666666,270.56083333333333,21.9755,60.00716666666666,-2.4516862834368087,-0.39235138330031766,1.2120266263027297,referencia
gasolina_90_006,gasolina_90,382.90066666666667,265.271,334.9485,472.0038333333333,128.92383333333333,221.12483333333333,22.012666666666668,60.09316666666667,-2.5672630173088917,-0.5666381706340236,0.8736503418093299,referencia
gasolina_90_007,gasolina_90,377.7521666666667,257.56266666666664,397.9956666666667,431.6795,125.532,232.95966666666666,22.003,60.0455,-2.251388176363302,-0.47813107114188624,0.7112279920807316,referencia
gasolina_90_008,gasolina_90,358.4748333333334,241.34016666666668,334.1183333333333,429.1988333333333,128.308,215.14816666666667,22.000333333333334,60.01033333333333,-2.159699381743347,-0.5268652442779017,0.5083709231372613,referencia
gasolina_90_009,gasolina_90,379.02900000000005,232.35199999999998,412.505,396.62183333333337,140.63033333333334,203.4453333333333,22.009166666666665,60.00083333333334,-1.6733433432304552,-0.5550183481622237,0.8200793821665319,referencia
gasolina_90_010,gasolina_90,344.93433333333337,228.68633333333335,397.8485,398.7436666666666,124.81883333333333,199.40733333333336,21.955666666666666,60.06183333333333,-1.6155863851625227,-0.6384934302685026,0.6368935349765096,referencia
gasolina_90_011,gasolina_90,362.90066666666667,264.69733333333335,347.4823333333333,464.60033333333337,141.36583333333334,208.73616666666666,21.965500000000002,60.08083333333333,-2.300463499991618,-0.6414498513550315,0.6713564208737627,referencia
gasolina_90_012,gasolina_90,322.6655,268.7065,335.7443333333333,407.23633333333333,122.845,215.26533333333333,21.970166666666668,59.950500000000005,-2.151259816835276,-0.3951104559821017,0.8235432706702197,referencia
gasolina_90_013,gasolina_90,276.134,228.587,364.8411666666667,425.54533333333336,147.79633333333334,236.78900000000002,22.016833333333334,60.04533333333333,-1.5860897327133776,-0.3169179120776797,1.013037085225553,referencia
gasolina_90_014,gasolina_90,336.2581666666667,240.29716666666667,359.69449999999995,493.1401666666667,122.14116666666668,204.1155,21.962666666666667,59.92816666666667,-2.169809651619807,-0.57473222595118,0.5504102803152899,referencia
gasolina_90_015,gasolina_90,305.106,240.65783333333331,384.60333333333335,405.35066666666665,144.42849999999999,185.45600000000002,22.017833333333332,60.05416666666667,-1.3339061267225183,-0.4668055205405332,0.8788523710326485,referencia
gasolina_90_016,gasolina_90,352.8958333333333,236.19416666666666,359.974,456.3326666666666,139.51366666666667,228.89333333333335,22.015833333333333,59.96133333333333,-2.136816563047726,-0.45132676210641587,0.31648914920443694,referencia
gasolina_90_017,gasolina_90,379.5308333333333,201.875,390.57483333333334,442.3276666666667,135.18233333333333,210.189,21.973666666666666,60.08616666666667,-1.7840498284505237,-0.7614465550711107,0.841836425436793,referencia
gasolina_90_018,gasolina_90,389.3066666666667,246.1375,367.8175,485.289,150.076,207.8311666666667,22.017999999999997,60.065333333333335,-2.2191493681622854,-0.644041330225936,0.7848076657414629,referencia
gasolina_90_019,gasolina_90,303.15816666666666,243.35016666666667,391.86466666666666,436.8243333333333,142.03283333333331,204.00916666666666,22.018166666666666,59.96116666666667,-1.580542201357026,-0.37253194428142417,0.6384655554703891,referencia
gasolina_90_020,gasolina_90,309.0826666666666,258.7618333333333,353.8763333333334,381.21816666666666,129.33633333333333,223.62116666666668,21.9835,59.94916666666666,-1.887658203894902,-0.3185094111353334,0.8570999772497115,referencia
gasolina_90_021,gasolina_90,297.5513333333334,221.89600000000002,378.9043333333333,459.79150000000004,136.0225,211.21716666666669,21.992166666666666,60.00633333333334,-1.6225055095480436,-0.4829350873222426,0.6931910647439066,referencia
gasolina_90_022,gasolina_90,357.35949999999997,238.54166666666666,356.4698333333333,483.0985,140.45433333333332,203.08933333333334,21.99816666666667,59.948166666666665,-2.114265571425664,-0.5731995920710975,0.5119110173128576,referencia
gasolina_90_023,gasolina_90,375.96183333333335,219.61833333333334,360.7551666666667,396.3028333333333,144.2905,218.898,21.97233333333333,60.04,-1.8708319163780762,-0.6471357919743326,0.7374473093743762,referencia
gasolina_90_024,gasolina_90,359.3685,186.06583333333336,454.0738333333333,501.5493333333333,132.14516666666665,217.1218333333333,21.978833333333334,59.88066666666667,-1.6654458461567365,-0.6295696446217702,1.350113161934279,referencia
gasolina_90_025,gasolina_90,366.9171666666667,243.88933333333335,390.3845,388.2566666666667,138.1506666666667,203.7565,22.009166666666665,59.98016666666667,-1.7605382322775347,-0.4911023280698567,0.6902697503963636,referencia
gasolina_90_026,gasolina_90,344.39450000000005,271.0323333333333,333.73583333333335,465.04299999999995,150.3845,230.23733333333334,22.0035,59.94983333333334,-2.4131506719178732,-0.3930750786277915,0.8018298324913292,referencia
gasolina_90_027,gasolina_90,367.38666666666666,237.192,361.151,452.13433333333336,130.48683333333332,217.107,22.051166666666667,60.0,-2.116244716896493,-0.45611867127293415,0.3934605918949568,referencia
gasolina_90_028,gasolina_90,330.5695,277.42516666666666,355.09833333333336,455.772,137.08783333333335,197.26316666666668,22.0295,60.03633333333333,-2.0695830813083615,-0.41783776809715356,0.8417922925220319,referencia
gasolina_90_029,gasolina_90,348.5241666666667,228.9315,425.92600000000004,503.356,135.6705,242.307,21.9875,59.91683333333334,-2.126964764036178,-0.46324224423387955,0.8819998838525636,referencia
gasolina_90_030,gasolina_90,367.0905,229.92116666666666,390.76933333333335,435.5405,155.14600000000002,229.483,22.0035,59.936,-1.9378995900914797,-0.4852174987774577,0.5297926622540615,referencia
gasolina_90_031,gasolina_90,391.1406666666666,243.11233333333334,313.9245,429.075,135.90716666666668,248.393,22.002666666666666,60.007333333333335,-2.590411397366498,-0.5054600704345071,1.0822238423442927,referencia
gasolina_90_032,gasolina_90,328.71433333333334,209.13516666666666,358.76383333333337,407.37816666666663,127.08200000000001,216.7025,21.96516666666667,60.040333333333336,-1.686977013265671,-0.5915154758911884,0.6762019862113529,referencia
gasolina_90_033,gasolina_90,324.94283333333334,255.98533333333336,448.62516666666664,435.03866666666664,143.0258333333333,204.55883333333335,22.017833333333332,59.949333333333335,-1.5577168110059179,-0.3627366293611869,0.9138985751100576,referencia
gasolina_90_034,gasolina_90,365.71583333333336,281.6773333333333,375.3901666666667,475.8808333333333,128.09433333333334,216.81783333333334,21.974,59.99,-2.4922354047916913,-0.5102522249202404,0.8747061641368137,referencia
gasolina_90_035,gasolina_90,361.00933333333336,209.59033333333335,361.4291666666667,427.09000000000003,143.09383333333332,194.62466666666666,22.012666666666668,60.0635,-1.632936600952079,-0.6632081891978789,0.7463676293238608,referencia
gasolina_90_036,gasolina_90,366.16016666666667,236.618,357.64883333333336,496.50716666666665,127.67450000000001,227.58399999999997,21.985500000000002,60.107166666666664,-2.3685533343056795,-0.6488100914071094,0.6153623517581039,referencia
gasolina_90_037,gasolina_90,299.04966666666667,208.05316666666667,434.644,428.67199999999997,132.65633333333332,197.22449999999998,21.9585,60.008833333333335,-1.1879107305592878,-0.575606066294204,1.0908055660289122,referencia
gasolina_90_038,gasolina_90,325.37083333333334,214.75116666666665,408.9481666666667,453.44916666666666,136.2755,205.45283333333333,21.982666666666667,60.02966666666667,-1.5440356209740087,-0.5883900135809462,0.6383310439511694,referencia
gasolina_90_039,gasolina_90,343.3013333333334,280.78633333333335,361.58933333333334,503.671,125.76133333333334,220.00300000000001,22.01966666666667,60.032333333333334,-2.497965001497919,-0.4197272005661357,0.927397844840408,referencia
gasolina_90_040,gasolina_90,318.9853333333333,194.656,391.18916666666667,454.789,146.02616666666665,220.9945,21.9875,60.00383333333333,-1.518148589281895,-0.5660939494952628,0.8630885188068089,referencia
gasolina_90_041,gasolina_90,338.7336666666667,236.0045,363.8271666666667,509.121,138.55900000000003,250.79233333333335,22.013333333333332,59.959666666666664,-2.3772980150749814,-0.40682933867408555,0.8342349417329549,referencia
gasolina_90_042,gasolina_90,329.1273333333333,280.18333333333334,397.3603333333333,463.75316666666663,127.929,198.19833333333332,21.98616666666667,59.893,-2.080780735981637,-0.39210583888092804,0.8994174884145713,referencia
gasolina_90_043,gasolina_90,366.2771666666667,233.29266666666666,378.6508333333333,407.49466666666666,122.338,229.317,21.9915,59.81483333333333,-2.104315737704811,-0.3898668654959281,0.565908294030039,referencia
gasolina_90_044,gasolina_90,331.26033333333334,240.12933333333334,386.91383333333334,501.37666666666667,129.6995,226.14416666666665,22.033833333333334,59.905166666666666,-2.132486386700958,-0.3585768602284217,0.5660556026969032,referencia
gasolina_90_045,gasolina_90,332.9363333333333,235.83883333333333,320.511,484.1603333333333,124.66233333333334,212.27783333333335,22.060833333333335,59.943,-2.1946475299270434,-0.38387339547590826,0.7101567334860004,referencia
gasolina_90_046,gasolina_90,331.0636666666667,232.0,372.89983333333333,414.31966666666665,144.51516666666666,230.8625,21.965666666666667,59.967999999999996,-1.851724723737439,-0.4769072304275551,0.44450524120711615,referencia
gasolina_90_047,gasolina_90,322.6588333333333,224.082,359.3435,499.4331666666667,133.62866666666667,193.373,21.941666666666666,59.9445,-1.910716866419788,-0.6732929925040506,0.7774679700125224,referencia
gasolina_90_048,gasolina_90,299.25600000000003,233.31433333333334,365.1778333333333,359.1741666666667,140.47516666666667,213.21349999999998,22.020666666666667,59.84916666666666,-1.4448475172792248,-0.2387684349253491,0.9934183472517982,referencia
gasolina_90_049,gasolina_90,343.7065,243.137,426.469,451.0543333333333,137.53699999999998,228.64916666666667,21.988166666666665,60.031166666666664,-1.8866047907947079,-0.48516881895674585,0.5857965618094816,referencia
gasolina_90_050,gasolina_90,325.64000000000004,246.30233333333334,352.4995,410.1198333333333,128.54333333333335,237.36083333333332,21.956833333333336,60.128166666666665,-2.05124354984865,-0.5208754274913462,0.6241464856269711,referencia
gasolina_90_051,gasolina_90,312.77099999999996,267.7915,421.5181666666667,472.7291666666667,150.61533333333333,218.34066666666666,21.998333333333335,59.9545,-1.86645170023796,-0.35805847791562667,0.8785625525197355,referencia
gasolina_90_052,gasolina_90,400.10716666666667,217.4775,352.1526666666667,506.30033333333336,127.134,223.19816666666665,22.02583333333333,60.07683333333333,-2.4125465794768917,-0.6859668737431108,1.0444203529962068,referencia
gasolina_90_053,gasolina_90,360.8903333333334,249.96683333333334,402.04066666666665,417.6013333333333,128.71866666666668,228.29066666666668,22.0015,60.21033333333333,-1.9657514649116692,-0.5620285836808872,0.5738157472651901,referencia
gasolina_90_054,gasolina_90,340.6136666666667,243.1565,379.50466666666665,472.22383333333335,138.65283333333335,230.0413333333333,22.017999999999997,60.048,-2.084760366620524,-0.4600215542826559,0.3495568684204567,referencia
gasolina_90_055,gasolina_90,341.05466666666666,231.1225,342.07683333333335,453.23066666666665,148.0045,224.05883333333335,21.993166666666664,59.99766666666667,-2.038865137012282,-0.5245673490255599,0.4214683921787814,referencia
gasolina_90_056,gasolina_90,337.01149999999996,237.32999999999998,339.2803333333333,393.64566666666667,138.23783333333333,219.399,22.019166666666667,59.965333333333334,-1.8771596661629455,-0.395061439875485,0.6058032995900098,referencia
gasolina_90_057,gasolina_90,352.52183333333335,240.03916666666666,401.0471666666666,437.6761666666667,126.55016666666667,236.7005,22.011666666666667,60.08383333333334,-2.027146524565143,-0.4650061275705309,0.4851549517633358,referencia
gasolina_90_058,gasolina_90,345.1161666666667,231.589,403.88349999999997,420.8131666666667,120.44566666666667,230.23383333333334,22.009,59.98016666666667,-1.8911369167779306,-0.4122418366432365,0.48756000971882835,referencia
gasolina_90_059,gasolina_90,350.633,231.58316666666667,403.57683333333335,435.674,115.33983333333335,212.38333333333333,21.98483333333333,59.979166666666664,-1.8913462909909584,-0.5255004494257798,0.43365076209122827,referencia
gasolina_90_060,gasolina_90,309.1116666666667,236.834,348.356,416.25466666666665,126.38166666666666,204.84766666666667,21.988,59.970166666666664,-1.7594874745944311,-0.4477032026242857,0.6462418308494753,referencia
gasolina_90_061,gasolina_90,315.29699999999997,200.17366666666666,424.6125,483.76,120.94366666666666,230.375,21.990833333333335,59.906666666666666,-1.7116216183138717,-0.45377457261318316,1.0224097910606955,referencia
gasolina_90_062,gasolina_90,404.3236666666666,235.774,359.13783333333333,479.00533333333334,132.1675,216.97299999999998,21.948666666666668,59.99766666666667,-2.460034690374647,-0.7523499759564594,0.9030244059655813,referencia
gasolina_90_063,gasolina_90,339.511,225.2976666666667,306.5221666666667,455.3641666666666,126.32199999999999,218.82433333333333,22.031166666666664,60.00633333333334,-2.15953167756739,-0.47983670116568383,0.7625725581190015,referencia
gasolina_90_064,gasolina_90,365.48850000000004,245.09033333333335,375.0556666666667,327.9916666666667,125.74199999999999,189.68916666666667,22.043499999999998,60.056666666666665,-1.531700486637579,-0.45276755958252013,1.2237211190095307,referencia
gasolina_90_065,gasolina_90,360.1971666666667,242.1515,330.4933333333333,395.25916666666666,129.10916666666668,222.07850000000002,21.934666666666665,60.019999999999996,-2.1719113807710944,-0.6166238122248767,0.718140244569845,referencia
gasolina_90_066,gasolina_90,305.7008333333333,236.214,360.0991666666667,453.04066666666665,126.27416666666666,212.2155,22.00883333333333,59.894,-1.8709616882647004,-0.36251943386132135,0.552237227502026,referencia
gasolina_90_067,gasolina_90,310.7618333333333,225.12800000000001,409.31949999999995,445.98516666666666,128.33783333333335,206.77516666666668,22.015333333333334,59.99783333333333,-1.540401185812496,-0.44018088277116607,0.6430556105016839,referencia
gasolina_90_068,gasolina_90,362.98016666666666,256.63783333333333,389.18566666666663,412.4948333333333,123.41350000000001,201.25366666666665,22.049500000000002,60.04833333333333,-1.9003543233640998,-0.43444850638529375,0.6510810374131764,referencia
gasolina_90_069,gasolina_90,328.96316666666667,268.75216666666665,359.638,436.93216666666666,133.00916666666666,189.743,22.035666666666668,59.94883333333333,-1.9191096962741612,-0.37203328627024956,0.797012541779252,referencia
gasolina_90_070,gasolina_90,303.39883333333336,186.12833333333336,379.0566666666667,522.5325,130.16216666666665,233.70183333333335,22.024,59.926,-1.8020499467327071,-0.4496294420249331,1.2905971211909033,referencia
gasolina_90_071,gasolina_90,324.6086666666667,218.52283333333335,420.25266666666664,427.3023333333333,142.48933333333335,227.47150000000002,21.971,60.10850000000001,-1.543655165761362,-0.5679749039435033,0.6981776881347684,referencia
gasolina_90_072,gasolina_90,353.6868333333333,223.77916666666667,430.67516666666666,416.3255,127.71966666666667,229.03916666666666,21.974333333333334,60.01433333333333,-1.7490973779165326,-0.528948396968277,0.7394605095788027,referencia
gasolina_90_073,gasolina_90,320.41416666666663,260.64816666666667,355.3818333333333,420.5435,146.03483333333332,220.93466666666666,21.96216666666667,59.93633333333333,-2.0043445610072954,-0.41870139193039035,0.6151403541042652,referencia
gasolina_90_074,gasolina_90,349.3205,223.3235,404.1068333333333,454.11133333333333,147.238,190.06483333333333,22.01033333333333,60.12416666666666,-1.5292157204621484,-0.6714240945774365,0.6873734828573934,referencia
gasolina_90_075,gasolina_90,322.36333333333334,249.48233333333334,351.3213333333333,460.38433333333336,140.44616666666667,234.84900000000002,22.013166666666667,60.088,-2.1159985990687837,-0.42961473063632266,0.5503087664176262,referencia
gasolina_90_076,gasolina_90,375.80916666666667,247.28833333333333,364.2796666666666,463.0163333333333,127.71333333333334,238.14883333333333,22.011166666666668,59.898,-2.4639364063387648,-0.41717095297859746,0.6422868324926542,referencia
gasolina_90_077,gasolina_90,373.93216666666666,247.75216666666668,294.33799999999997,419.601,126.309,209.6256666666667,21.990333333333336,60.033166666666666,-2.3626501288833497,-0.5958173238124015,0.9986738931613784,referencia
gasolina_90_078,gasolina_90,357.56800000000004,263.7955,333.5073333333333,425.85633333333334,148.89783333333335,217.281,21.960833333333333,59.952666666666666,-2.260491345009067,-0.522672568451274,0.7129891421556257,referencia
gasolina_90_079,gasolina_90,278.97933333333333,242.63633333333334,364.96299999999997,423.4836666666667,149.19483333333335,212.79166666666666,21.99683333333333,59.926833333333335,-1.5676961470260695,-0.32459591558732054,0.9158799212809767,referencia
gasolina_90_080,gasolina_90,387.74066666666664,244.42683333333335,429.53416666666664,438.32966666666664,137.3915,224.0703333333333,22.014499999999998,59.964166666666664,-2.025212716211984,-0.4841464328581286,0.8527766041658277,referencia
